userId,movieId,totalInteractions,totalWatchTime
918387f9-3d8d-48d1-b294-fc85f6b8dd44,59b24782-d99d-44bd-88fa-f8d7138e8b8c,2,117
b481fc5e-9fe5-434a-ae84-b6ddab2858a5,0a2e21da-fe10-4c0b-a2a0-c0dd1d41ea28,3,181
64683b69-20b3-4709-a97b-229f710b8e7d,d7809fcd-e8a1-46a7-a45c-8783eaa4c8ed,1,30
2b4494b8-107d-4887-9728-9fd7f47a0260,ebfb9880-2fcb-40ec-a1f8-c9d681788d81,3,166
68eca4b3-752f-4d3f-b7c8-b74ed51dbf8a,ea2d76f7-a1ce-4407-a66b-6164b09b9bfd,1,231
ca2d7380-c541-4f13-beea-7a5343339992,89307504-260f-4955-95ca-3630fa61f5ee,1,461
24c9381d-18b9-4089-8b47-33863586011c,32fc79e1-8bd1-44d1-b82f-a3c7e5bf36f9,3,369
70b9b2ba-bfb1-4b58-9dad-4fa718ad5428,2712c9b2-b794-41c0-ac96-8be040a95886,5,47
ed05e179-b920-4906-88d4-172bb2aea66f,c1a3a619-907d-4437-9e94-a46e358b2d2a,1,181
1186b2d2-8462-4171-afce-38355c462c6d,f4ccbaee-bb23-4181-a108-9e4ff47ff4be,2,86
10d0de5f-5e55-4372-b4b9-e60d76cdd4a0,bd3a14cf-03ad-4d00-8fc0-14e93f9ea3fe,1,287
b8c7dc90-7e84-4eae-94f7-f7636dabcbed,b1c3456f-4b97-4156-8fa2-4bebd363bc75,3,498
c8350849-eb45-46cd-ad4f-6751704c8518,5e99d644-fc21-4b41-a1cc-390107a40bc0,3,93
a111e135-57b4-45c8-897d-ba73d412bcc6,ef9b4496-7664-41d1-ae71-95ee11fad82f,3,446
2c251206-0632-4c07-b2a6-0531d0c610b0,e287ae01-ec7e-4b78-bd58-9649fc392d66,1,312
b8c7dc90-7e84-4eae-94f7-f7636dabcbed,00887791-a74e-48a5-b0db-e56e4d23c76e,3,489
ce1a6638-dcc4-4403-808b-9e5036a17081,554cbed7-2b40-40a6-bc58-805f37d07a5a,5,43
335b792a-e0d9-457d-a915-b0d43e67e829,98930b6f-fe34-4fa0-a20e-9bdefd8a2343,1,169
8d410afe-bcac-412d-876a-164e8e3ee647,5788757f-808d-4012-9f6d-64c12e10028d,5,139
f0c54e5a-f508-4491-982b-bb16d10da00f,cbb45677-549c-4b85-8c08-38e67f25259d,2,453
dce77877-fa02-45e1-9670-2135ba9d0ec0,b5864714-9e54-4c8f-956d-b66b647175d0,5,433
d50d8b05-d435-4408-85d8-e7034029feb0,bc924dbf-c7f0-4832-b088-19d1e1f76023,2,37
335b792a-e0d9-457d-a915-b0d43e67e829,1750ee34-76e9-41c3-8e4a-c4d096529c24,1,185
f0c54e5a-f508-4491-982b-bb16d10da00f,8d24ecc0-e019-4a48-acf8-8c2fc5664cca,3,219
64683b69-20b3-4709-a97b-229f710b8e7d,4e8f873c-7927-4847-b900-424d2d0d5de6,2,133
267d8985-99d4-4a7a-826e-ca80756e69f6,e16e9811-89dd-4cde-9037-38b442af8350,3,160
73bd4af4-d6c0-4517-ba05-0eabcfdad7b8,df9e863f-fc43-4efb-aa50-977f03bba32c,5,367
2dc87562-c68b-4284-8055-0a0fad054fb0,71f98c2b-af44-4c81-be33-9bbcfb11f129,2,500
57168cee-6fb6-4fd4-ac5b-3bd1fb9431f3,bfacf641-91ad-4222-bb26-b3d66abfe5da,3,514
621a1afb-fe82-460b-834a-fa44eea87b18,b04a6fb0-26b2-470d-bd09-cfe8bbf5999c,5,243
ce1a6638-dcc4-4403-808b-9e5036a17081,335b365e-c5f8-44b6-ae4d-dff5a880e4de,5,500
6cb2bfda-27a9-4a24-af26-edec603f6736,313d56f5-14b4-4a21-af08-9f92cee641c1,5,564
123b60a3-8faa-44c4-9f36-9393acdb7c1d,59b24782-d99d-44bd-88fa-f8d7138e8b8c,4,188
64683b69-20b3-4709-a97b-229f710b8e7d,987a3414-28be-4792-b3cd-4b5921d9ba9d,3,189
b8c7dc90-7e84-4eae-94f7-f7636dabcbed,e91c7b35-ea90-45da-af1d-f176b00be80d,2,280
ed05e179-b920-4906-88d4-172bb2aea66f,da9c2a61-eb47-4ef3-8c3f-81678a6b1b6f,2,259
1a687a50-1efd-4517-9968-14c7602e8140,fd4f677b-340d-4c18-8d60-c72b0f8bc79d,1,282
493ff387-5a78-436a-bf59-69ab65bb923a,4ef1d248-4810-40d5-869e-d3e42527713f,2,209
9d6cb244-c7e7-450a-ae7b-08bd30076e1b,bfdce01a-cd7c-4a80-9564-a46808612e46,5,38
95474306-7d37-408b-ae0e-0623456251c7,30440e1b-7b26-4b04-b1d3-51ee1e69720c,5,470
c616d20b-9459-4dd3-a7ca-4291ef8caac0,560291bf-8032-4386-91c5-2e6798ac8db4,3,498
baa25428-105a-4223-9d74-685a22d9dedc,ca6a4da9-1427-4314-9cb1-25dc09224869,3,295
b8c7dc90-7e84-4eae-94f7-f7636dabcbed,b90b03db-eaf8-483b-8316-85ed46add42e,3,328
72b330f8-2bc6-4144-bc67-ad67399dcc9d,0f986797-a623-4d29-97f0-3cbed93bc5e1,2,379
c910cbdf-173c-408a-aa4c-ce3f316fbee9,a8031a29-64f4-4941-aa5c-d5dfb3b29145,1,315
6f25c41c-bb29-472b-bc74-92d85815a45e,a50984fa-cdec-4243-95c5-2e4e4119bf46,4,435
b481fc5e-9fe5-434a-ae84-b6ddab2858a5,8d24ecc0-e019-4a48-acf8-8c2fc5664cca,3,36
30f1f8e8-0622-4861-9ed8-86a5bf56a349,6831e7b9-9a0b-482f-9203-03dbd05dea7b,4,457
6ef516b8-c939-4073-a5c3-90e2d1e934d0,93f2d181-134b-4014-be8c-683a4580e162,1,224
6f25c41c-bb29-472b-bc74-92d85815a45e,e4a4dc41-8fa2-4946-a9e2-11497023f65a,5,234
1a687a50-1efd-4517-9968-14c7602e8140,381f70b1-4a7b-4a90-962f-c656021fac2a,3,502
9285f03a-7af5-46ad-b6cc-e8df79e3968a,2add72e0-9824-4fe6-8912-15100b086046,5,423
10d0de5f-5e55-4372-b4b9-e60d76cdd4a0,13a7b74f-369c-49b4-b910-44f808079db4,3,118
335b792a-e0d9-457d-a915-b0d43e67e829,0a263e70-61b9-4a11-8483-f2b572b39f06,5,253
65e4811b-c5bb-4627-97a7-1676a493d7b4,7856e644-ebf3-43b7-8d5e-b77523371474,2,381
a79f4706-71c3-404b-9b16-aa72bc07ab06,eead9f87-c534-49f0-ac0f-08d08a8ffd9c,3,599
e19c9704-ade0-4c6e-8821-b350fccbb1b3,81be85ec-3cbd-44dc-8638-0cb6a3a1cf8a,4,549
9f6a0057-8092-429e-a985-f72937907f47,ea067ca9-2e37-4fda-81af-bc7ffb721bc9,5,387
b91880fd-1b46-4bd5-8c50-523f835b1991,206d5911-8437-4c95-bb26-3d62d7c9c882,4,599
2c251206-0632-4c07-b2a6-0531d0c610b0,ca6a4da9-1427-4314-9cb1-25dc09224869,3,264
68eca4b3-752f-4d3f-b7c8-b74ed51dbf8a,c436fa27-e442-4f23-b563-77766c3a22ed,4,531
8d410afe-bcac-412d-876a-164e8e3ee647,a3fac269-98cb-4abc-a5dc-2daa77add77c,5,491
8c2ec1da-df1b-4b3e-bcf5-fdc2e30808bf,d7809fcd-e8a1-46a7-a45c-8783eaa4c8ed,2,506
6cb2bfda-27a9-4a24-af26-edec603f6736,b354e7f4-bfe1-4c42-900b-88a7bd247796,3,478
be7390cd-09b0-435a-b4ac-f92dfd0d9e21,45933b6e-0f17-42fa-87af-069c4f08780d,3,517
8d410afe-bcac-412d-876a-164e8e3ee647,ea105795-fc9c-4154-944b-d9402d2aeafb,3,40
af6ed03c-7a2c-4955-8893-252f47e3ebf6,612f964b-ca4a-4c94-ab99-5e91f28d6514,3,389
bf25478c-5a04-48fa-a8c3-eafd1a040754,b354e7f4-bfe1-4c42-900b-88a7bd247796,5,516
884759c6-4612-46e7-9566-c8815db499a6,19e791a3-6405-4202-a2c5-e628ab2c9ace,3,136
23a13809-b505-40cc-aaca-2341559ee0ad,082b1e87-a452-4d11-8f0a-33711422be29,5,577
ed62d362-371a-410a-9d87-3aaf99aa159d,81be85ec-3cbd-44dc-8638-0cb6a3a1cf8a,4,232
66b5ade9-bf58-4cb9-aa13-084655452ae1,373c428f-276f-46d4-836e-24009e23ae9b,4,527
335b792a-e0d9-457d-a915-b0d43e67e829,51442204-3d23-45b2-8765-d5ec7e51f83b,1,49
c8350849-eb45-46cd-ad4f-6751704c8518,11f1d592-0627-48c9-8bf7-587b1b6ab534,2,142
9f6a0057-8092-429e-a985-f72937907f47,2789a83e-cbdb-405c-b13f-e20142532044,3,88
7f10f87f-3e13-428a-9c8a-7ca5710842df,ea105795-fc9c-4154-944b-d9402d2aeafb,2,373
30f1f8e8-0622-4861-9ed8-86a5bf56a349,98930b6f-fe34-4fa0-a20e-9bdefd8a2343,3,381
828e764b-4d09-4087-b478-8f1d47d852e0,8f429c5b-e460-4cd7-b5a7-3d0e6cc59c49,2,338
6ef516b8-c939-4073-a5c3-90e2d1e934d0,bc924dbf-c7f0-4832-b088-19d1e1f76023,3,73
ca2d7380-c541-4f13-beea-7a5343339992,7856e644-ebf3-43b7-8d5e-b77523371474,3,470
dce77877-fa02-45e1-9670-2135ba9d0ec0,ec2181af-f065-485c-b988-74eeac3a8fda,4,340
be7390cd-09b0-435a-b4ac-f92dfd0d9e21,1625c1cd-411f-4c2f-b3ba-abc853425e76,4,230
8d410afe-bcac-412d-876a-164e8e3ee647,e66122ca-199a-4313-8413-6b3f7a131065,1,524
30f1f8e8-0622-4861-9ed8-86a5bf56a349,9624767c-f6d5-413b-8a94-649deb285658,5,571
41690a70-94f8-4c9f-bd2a-0bcda8e4ba86,e287ae01-ec7e-4b78-bd58-9649fc392d66,5,376
b657d908-5124-4ca6-9728-fea44fda554a,ac15df3f-5598-49d7-b690-7f7f04874613,5,107
52115195-606e-4881-8b12-4e95399bcfa0,bc924dbf-c7f0-4832-b088-19d1e1f76023,4,329
ce1a6638-dcc4-4403-808b-9e5036a17081,612f964b-ca4a-4c94-ab99-5e91f28d6514,2,114
6f25c41c-bb29-472b-bc74-92d85815a45e,a36ae12c-d4b9-4d32-ab4d-0fa65d56ebe8,5,451
849177e2-7665-4515-8c56-f6baf0bbb1f3,ea2d76f7-a1ce-4407-a66b-6164b09b9bfd,1,303
66b5ade9-bf58-4cb9-aa13-084655452ae1,ac15df3f-5598-49d7-b690-7f7f04874613,4,594
b481fc5e-9fe5-434a-ae84-b6ddab2858a5,560291bf-8032-4386-91c5-2e6798ac8db4,1,312
3ea817f3-2c27-4d96-8686-538f471fcae1,a50984fa-cdec-4243-95c5-2e4e4119bf46,5,173
41690a70-94f8-4c9f-bd2a-0bcda8e4ba86,769432f0-a639-4cde-b344-41705349dc70,3,219
10d0de5f-5e55-4372-b4b9-e60d76cdd4a0,618d2e3b-5cb5-4648-a141-e1e8e6edbab9,4,225
9f6a0057-8092-429e-a985-f72937907f47,0f986797-a623-4d29-97f0-3cbed93bc5e1,3,350
11b6c776-e79a-48c5-962c-8ae387d72f41,eead9f87-c534-49f0-ac0f-08d08a8ffd9c,1,578
918387f9-3d8d-48d1-b294-fc85f6b8dd44,1400514e-0908-47cb-80e2-db649d054a6c,2,391
35b1055c-3ab3-4e17-9652-a4a9fdc281e0,ef9b4496-7664-41d1-ae71-95ee11fad82f,1,553
ca2d7380-c541-4f13-beea-7a5343339992,df9e863f-fc43-4efb-aa50-977f03bba32c,4,560
11b6c776-e79a-48c5-962c-8ae387d72f41,1c7460a2-283f-4728-a865-29ae9c9b4289,3,294
9d6cb244-c7e7-450a-ae7b-08bd30076e1b,7856e644-ebf3-43b7-8d5e-b77523371474,2,272
849177e2-7665-4515-8c56-f6baf0bbb1f3,c436fa27-e442-4f23-b563-77766c3a22ed,4,550
ce1a6638-dcc4-4403-808b-9e5036a17081,81be85ec-3cbd-44dc-8638-0cb6a3a1cf8a,4,67
74fbd27a-0b94-46ba-92a9-58a13811908d,335b365e-c5f8-44b6-ae4d-dff5a880e4de,2,548
72b330f8-2bc6-4144-bc67-ad67399dcc9d,ca6a4da9-1427-4314-9cb1-25dc09224869,4,257
2c251206-0632-4c07-b2a6-0531d0c610b0,d69a893b-c20b-4ed0-a1b1-37520e198d1f,4,590
fa79a690-a24b-4882-8da6-fbcb90f06dc6,00887791-a74e-48a5-b0db-e56e4d23c76e,1,78
52115195-606e-4881-8b12-4e95399bcfa0,795e4490-39cc-4112-8474-86afd90416f3,1,317
73bd4af4-d6c0-4517-ba05-0eabcfdad7b8,82d2674c-b27c-46cd-97e0-d6b5933d466d,3,513
68eca4b3-752f-4d3f-b7c8-b74ed51dbf8a,e91c7b35-ea90-45da-af1d-f176b00be80d,5,573
de454cf0-605a-45a2-9cc1-be092d765e13,32fc79e1-8bd1-44d1-b82f-a3c7e5bf36f9,2,410
f854769b-0c37-4a28-9d2c-8ef7e186d37b,7856e644-ebf3-43b7-8d5e-b77523371474,3,250
70b9b2ba-bfb1-4b58-9dad-4fa718ad5428,554cbed7-2b40-40a6-bc58-805f37d07a5a,2,72
9f6a0057-8092-429e-a985-f72937907f47,2add72e0-9824-4fe6-8912-15100b086046,3,81
fba54b27-d125-489e-9763-7e6d0d6b2b0f,4fcb5336-3b62-478e-ac87-94b69f2622bf,5,346
c616d20b-9459-4dd3-a7ca-4291ef8caac0,edf3b5d0-d544-44c0-9594-9424b0cbbd0a,3,165
64683b69-20b3-4709-a97b-229f710b8e7d,00887791-a74e-48a5-b0db-e56e4d23c76e,2,225
95474306-7d37-408b-ae0e-0623456251c7,24bac3a0-7545-4c11-9a61-0b59ef96aaa3,4,98
6ef516b8-c939-4073-a5c3-90e2d1e934d0,795e4490-39cc-4112-8474-86afd90416f3,4,387
3ccf9618-ad18-4724-bc05-853ab69bb30d,95ee8528-7614-47e3-b57e-cf84809e93a6,5,308
ca2d7380-c541-4f13-beea-7a5343339992,989ae8f8-20f4-45e3-bc79-3b894406617e,3,564
72b330f8-2bc6-4144-bc67-ad67399dcc9d,ca6a4da9-1427-4314-9cb1-25dc09224869,1,298
be7390cd-09b0-435a-b4ac-f92dfd0d9e21,0f986797-a623-4d29-97f0-3cbed93bc5e1,5,304
d08299c1-a05c-4fbd-9dbc-dc34492e20ba,f7ec29da-00e4-4ee1-ad9d-035b9a51d535,3,316
18a0dfa9-bd21-45f9-8fa9-15eb73486559,09352cf7-d77b-47af-b09a-25319d9706b1,5,513
b91880fd-1b46-4bd5-8c50-523f835b1991,a3fac269-98cb-4abc-a5dc-2daa77add77c,2,567
18a0dfa9-bd21-45f9-8fa9-15eb73486559,cc2d910f-8039-4268-bbfe-f86b897cbbae,5,76
70b9b2ba-bfb1-4b58-9dad-4fa718ad5428,373c428f-276f-46d4-836e-24009e23ae9b,4,563
c8350849-eb45-46cd-ad4f-6751704c8518,70d7d8a4-2b44-494c-9a48-327498b8d063,1,166
849177e2-7665-4515-8c56-f6baf0bbb1f3,4aa122f6-9519-430e-967e-ca3b3158a6ed,5,184
f33b255a-6e84-4ec0-bad8-0f617d95ae34,df9e863f-fc43-4efb-aa50-977f03bba32c,4,187
0d200f4f-e5f0-4d47-a6af-0677ff0c6084,c446b08c-c85d-4187-b203-e9b817c8fde6,3,148
884759c6-4612-46e7-9566-c8815db499a6,f891cf1c-29e8-4393-8fce-ef18bd74697e,3,478
57168cee-6fb6-4fd4-ac5b-3bd1fb9431f3,381f70b1-4a7b-4a90-962f-c656021fac2a,1,286
be7390cd-09b0-435a-b4ac-f92dfd0d9e21,c36b8c6f-addf-4c62-9109-5e6c47ca6935,4,222
72b330f8-2bc6-4144-bc67-ad67399dcc9d,89b924f3-ede0-49db-8132-6cac83c65462,3,468
fa79a690-a24b-4882-8da6-fbcb90f06dc6,3e81e5ea-eac1-4bd8-acaa-dad95761e9a6,2,78
10d0de5f-5e55-4372-b4b9-e60d76cdd4a0,618d2e3b-5cb5-4648-a141-e1e8e6edbab9,5,445
70b9b2ba-bfb1-4b58-9dad-4fa718ad5428,7007ad25-4c2d-448a-af2c-9062a1018f5e,4,32
7f10f87f-3e13-428a-9c8a-7ca5710842df,2ac99b00-7c9e-42fb-8b93-b1789e609af3,2,437
ed62d362-371a-410a-9d87-3aaf99aa159d,76ccaedc-a443-4cee-b5da-20b1c60e7cfd,4,109
70b9b2ba-bfb1-4b58-9dad-4fa718ad5428,2d9ca9db-5302-4770-a7ea-da2a00c7c61f,2,408
6fcbb75b-38f5-422d-ab18-fb7da9bab03f,2789a83e-cbdb-405c-b13f-e20142532044,3,255
dce77877-fa02-45e1-9670-2135ba9d0ec0,fd4f677b-340d-4c18-8d60-c72b0f8bc79d,3,467
ce1a6638-dcc4-4403-808b-9e5036a17081,9a86e4c6-2014-4da2-aa8b-192a55152438,5,566
1a687a50-1efd-4517-9968-14c7602e8140,bc924dbf-c7f0-4832-b088-19d1e1f76023,3,515
c616d20b-9459-4dd3-a7ca-4291ef8caac0,e16e9811-89dd-4cde-9037-38b442af8350,4,494
92ba5a86-077c-4ddd-90f0-1ee5de735fb9,1c7460a2-283f-4728-a865-29ae9c9b4289,1,301
66b5ade9-bf58-4cb9-aa13-084655452ae1,c436fa27-e442-4f23-b563-77766c3a22ed,1,302
8da5a665-0389-47c6-8906-ecc932680678,ec666079-6ad9-44f9-bb91-0716fd61b1b7,5,163
f0c54e5a-f508-4491-982b-bb16d10da00f,1625c1cd-411f-4c2f-b3ba-abc853425e76,5,154
3ea817f3-2c27-4d96-8686-538f471fcae1,ca6a4da9-1427-4314-9cb1-25dc09224869,3,32
68eca4b3-752f-4d3f-b7c8-b74ed51dbf8a,b1c3456f-4b97-4156-8fa2-4bebd363bc75,5,284
c8350849-eb45-46cd-ad4f-6751704c8518,1625c1cd-411f-4c2f-b3ba-abc853425e76,4,374
8d410afe-bcac-412d-876a-164e8e3ee647,66e7c434-776c-4409-abe9-0fcb52a81097,5,40
9be95744-0de2-4034-8414-2194275c1fd9,df9e863f-fc43-4efb-aa50-977f03bba32c,2,244
918387f9-3d8d-48d1-b294-fc85f6b8dd44,83f495f9-ffec-41bf-b171-c5d2bead2be5,1,530
2c251206-0632-4c07-b2a6-0531d0c610b0,f6884495-9ef8-4db8-888e-690c83faaedd,5,81
828e764b-4d09-4087-b478-8f1d47d852e0,150417a6-28c7-4ad1-8657-dcd37c2a847a,1,277
828e764b-4d09-4087-b478-8f1d47d852e0,457f9d7b-25bd-45a7-a609-bd8dc4827c19,1,84
123b60a3-8faa-44c4-9f36-9393acdb7c1d,ec2181af-f065-485c-b988-74eeac3a8fda,4,214
8d410afe-bcac-412d-876a-164e8e3ee647,150417a6-28c7-4ad1-8657-dcd37c2a847a,4,331
493ff387-5a78-436a-bf59-69ab65bb923a,509893f5-71f5-405e-9842-49a9e3f86b6d,1,30
af6ed03c-7a2c-4955-8893-252f47e3ebf6,89307504-260f-4955-95ca-3630fa61f5ee,2,207
7f10f87f-3e13-428a-9c8a-7ca5710842df,381f70b1-4a7b-4a90-962f-c656021fac2a,2,487
a79f4706-71c3-404b-9b16-aa72bc07ab06,4d2e4a20-19ce-459b-8776-575ee447495b,3,557
335b792a-e0d9-457d-a915-b0d43e67e829,68c2a482-a32b-4787-aed5-a3fd97ca5620,2,422
70b9b2ba-bfb1-4b58-9dad-4fa718ad5428,4d2e4a20-19ce-459b-8776-575ee447495b,2,82
9f6a0057-8092-429e-a985-f72937907f47,0f986797-a623-4d29-97f0-3cbed93bc5e1,2,507
13a5710e-3fa2-41ef-88dd-eca19e22aa13,5e99d644-fc21-4b41-a1cc-390107a40bc0,3,352
918387f9-3d8d-48d1-b294-fc85f6b8dd44,99dee4e4-3272-4a76-9703-ba117d9e2ba5,5,378
ac7494f6-be90-4541-a67e-abcb351469c6,6f921297-c1f0-49b9-b548-4fbf7925573a,5,264
d42cf5d7-7330-475f-93af-9620bc4ecb52,0a2e21da-fe10-4c0b-a2a0-c0dd1d41ea28,3,583
335b792a-e0d9-457d-a915-b0d43e67e829,61946155-1e7f-4bdb-8770-4f89d9ab7464,5,543
75226ff7-7cf5-484c-8428-9e6540f12326,083b8f4f-36bd-405a-a20c-be72cbe1adc3,2,376
ed62d362-371a-410a-9d87-3aaf99aa159d,84c11446-c9df-4e21-a039-625568a6d3b3,1,229
6c707bb8-f1a4-4aa2-b853-ee88a0c95f30,d69a893b-c20b-4ed0-a1b1-37520e198d1f,2,549
a79f4706-71c3-404b-9b16-aa72bc07ab06,b90b03db-eaf8-483b-8316-85ed46add42e,5,277
9f6a0057-8092-429e-a985-f72937907f47,6b70f240-b055-47e2-9c54-9030db213cb3,4,444
3ccf9618-ad18-4724-bc05-853ab69bb30d,1400514e-0908-47cb-80e2-db649d054a6c,3,133
13a5710e-3fa2-41ef-88dd-eca19e22aa13,51f60b6e-c02e-4458-a6ca-2a20161de43d,3,237
133f6c85-a757-4ef0-becf-45fb61d2704b,de0bb83b-241f-4a72-b960-947016da4d65,5,580
f854769b-0c37-4a28-9d2c-8ef7e186d37b,32fc79e1-8bd1-44d1-b82f-a3c7e5bf36f9,4,582
6ef516b8-c939-4073-a5c3-90e2d1e934d0,f020e229-aec5-43ed-aba6-5984e9752f5c,2,148
c616d20b-9459-4dd3-a7ca-4291ef8caac0,5e99d644-fc21-4b41-a1cc-390107a40bc0,1,316
ce1a6638-dcc4-4403-808b-9e5036a17081,f906b49d-89d7-40b1-a0c8-27316eaef413,3,264
bf25478c-5a04-48fa-a8c3-eafd1a040754,9624767c-f6d5-413b-8a94-649deb285658,4,90
0d200f4f-e5f0-4d47-a6af-0677ff0c6084,5788757f-808d-4012-9f6d-64c12e10028d,4,338
9be95744-0de2-4034-8414-2194275c1fd9,00887791-a74e-48a5-b0db-e56e4d23c76e,2,536
884759c6-4612-46e7-9566-c8815db499a6,2add72e0-9824-4fe6-8912-15100b086046,5,556
13a5710e-3fa2-41ef-88dd-eca19e22aa13,f7ec29da-00e4-4ee1-ad9d-035b9a51d535,1,201
92ba5a86-077c-4ddd-90f0-1ee5de735fb9,373c428f-276f-46d4-836e-24009e23ae9b,5,540
e19c9704-ade0-4c6e-8821-b350fccbb1b3,99dee4e4-3272-4a76-9703-ba117d9e2ba5,2,178
11b6c776-e79a-48c5-962c-8ae387d72f41,140a1ecc-9afd-4264-abbc-0999bcee2804,3,481
92ba5a86-077c-4ddd-90f0-1ee5de735fb9,67b96891-1b96-40c9-957c-01ebe4ce24b4,5,160
5abd3e30-66a5-47ac-90bd-6099f179aca0,98930b6f-fe34-4fa0-a20e-9bdefd8a2343,1,98
9285f03a-7af5-46ad-b6cc-e8df79e3968a,313d56f5-14b4-4a21-af08-9f92cee641c1,3,140
2b4494b8-107d-4887-9728-9fd7f47a0260,8efe6c45-bbea-401c-b868-ed1b22d3d02a,5,349
3282a584-6b5e-4bb0-a085-13a5c87d6479,81be85ec-3cbd-44dc-8638-0cb6a3a1cf8a,5,196
73bd4af4-d6c0-4517-ba05-0eabcfdad7b8,95a716ed-5d4a-4d9c-8f19-1d01e6b66f0e,4,476
b481fc5e-9fe5-434a-ae84-b6ddab2858a5,99dee4e4-3272-4a76-9703-ba117d9e2ba5,5,316
ac7494f6-be90-4541-a67e-abcb351469c6,c436fa27-e442-4f23-b563-77766c3a22ed,1,520
d50d8b05-d435-4408-85d8-e7034029feb0,de0bb83b-241f-4a72-b960-947016da4d65,4,531
05cd95b8-9734-439e-b157-776488bdc177,c1a3a619-907d-4437-9e94-a46e358b2d2a,5,261
3ccf9618-ad18-4724-bc05-853ab69bb30d,335b365e-c5f8-44b6-ae4d-dff5a880e4de,3,392
24c9381d-18b9-4089-8b47-33863586011c,457f9d7b-25bd-45a7-a609-bd8dc4827c19,1,457
f33b255a-6e84-4ec0-bad8-0f617d95ae34,fd4f677b-340d-4c18-8d60-c72b0f8bc79d,3,415
85e1ac6b-d470-43ef-b596-86291f09aea1,84c11446-c9df-4e21-a039-625568a6d3b3,5,439
ca2d7380-c541-4f13-beea-7a5343339992,8775b9e8-f58b-4118-894e-036a04c168c5,2,595
e248c365-7359-4641-b86e-df04a0de39a5,5788757f-808d-4012-9f6d-64c12e10028d,3,163
73bd4af4-d6c0-4517-ba05-0eabcfdad7b8,a779aad0-6b89-459a-9497-dc197463d166,1,124
849177e2-7665-4515-8c56-f6baf0bbb1f3,c7ad4001-ca88-4fcc-94d3-18a6a038042e,1,243
7f10f87f-3e13-428a-9c8a-7ca5710842df,7307797a-783b-47ab-9a5f-4f915be77820,1,161
2b4494b8-107d-4887-9728-9fd7f47a0260,ebfb9880-2fcb-40ec-a1f8-c9d681788d81,5,129
123b60a3-8faa-44c4-9f36-9393acdb7c1d,95ee8528-7614-47e3-b57e-cf84809e93a6,5,189
6cb2bfda-27a9-4a24-af26-edec603f6736,d23f94f0-32cb-4925-acc5-6deeadd3721f,3,346
7bb53a16-64d4-42ea-8c1f-faedfa1d8b1b,987a3414-28be-4792-b3cd-4b5921d9ba9d,5,304
6cb2bfda-27a9-4a24-af26-edec603f6736,b5273bbe-f899-497d-b5e4-56b9cf59e9fa,3,563
7f10f87f-3e13-428a-9c8a-7ca5710842df,989ae8f8-20f4-45e3-bc79-3b894406617e,3,304
af6ed03c-7a2c-4955-8893-252f47e3ebf6,bc924dbf-c7f0-4832-b088-19d1e1f76023,3,51
918387f9-3d8d-48d1-b294-fc85f6b8dd44,cc2d910f-8039-4268-bbfe-f86b897cbbae,2,496
ac7494f6-be90-4541-a67e-abcb351469c6,bbd96150-8fb0-46b1-aaad-076e9095c16a,4,451
95474306-7d37-408b-ae0e-0623456251c7,70d7d8a4-2b44-494c-9a48-327498b8d063,1,510
0d200f4f-e5f0-4d47-a6af-0677ff0c6084,b04a6fb0-26b2-470d-bd09-cfe8bbf5999c,2,200
73bd4af4-d6c0-4517-ba05-0eabcfdad7b8,cbb45677-549c-4b85-8c08-38e67f25259d,1,491
9285f03a-7af5-46ad-b6cc-e8df79e3968a,b90b03db-eaf8-483b-8316-85ed46add42e,3,72
95474306-7d37-408b-ae0e-0623456251c7,96f3f4a2-bc10-492a-9dee-e95e5d936484,5,418
ca2d7380-c541-4f13-beea-7a5343339992,083b8f4f-36bd-405a-a20c-be72cbe1adc3,4,446
73bd4af4-d6c0-4517-ba05-0eabcfdad7b8,3e81e5ea-eac1-4bd8-acaa-dad95761e9a6,1,253
9be95744-0de2-4034-8414-2194275c1fd9,84c11446-c9df-4e21-a039-625568a6d3b3,3,233
85e1ac6b-d470-43ef-b596-86291f09aea1,68c2a482-a32b-4787-aed5-a3fd97ca5620,2,394
d50d8b05-d435-4408-85d8-e7034029feb0,9c78e3ec-c99c-4d0e-80aa-410942b6ebc8,2,498
7bb53a16-64d4-42ea-8c1f-faedfa1d8b1b,bf44bc19-c638-4a7f-9d87-3f26027a3abc,4,410
a111e135-57b4-45c8-897d-ba73d412bcc6,7aff9b4f-a0fc-4678-badb-e6803ec827a8,4,219
ed62d362-371a-410a-9d87-3aaf99aa159d,7d0a3da0-6b00-4dfe-9631-64125367fd94,2,501
2c251206-0632-4c07-b2a6-0531d0c610b0,68c2a482-a32b-4787-aed5-a3fd97ca5620,5,432
fba54b27-d125-489e-9763-7e6d0d6b2b0f,61946155-1e7f-4bdb-8770-4f89d9ab7464,3,193
621a1afb-fe82-460b-834a-fa44eea87b18,1400514e-0908-47cb-80e2-db649d054a6c,4,170
b0e44f66-6258-4544-956b-79dcbbe8758d,d7809fcd-e8a1-46a7-a45c-8783eaa4c8ed,5,489
6cb2bfda-27a9-4a24-af26-edec603f6736,6b70f240-b055-47e2-9c54-9030db213cb3,1,84
f33b255a-6e84-4ec0-bad8-0f617d95ae34,787c1a5a-55a9-4482-a466-f3243db9de41,1,138
0d200f4f-e5f0-4d47-a6af-0677ff0c6084,5a4f7e86-ac1e-452f-b95e-8341f995aeae,1,117
70b9b2ba-bfb1-4b58-9dad-4fa718ad5428,8a431f9d-132e-4e4a-a70a-6fc30d7a2e1b,5,368
f33b255a-6e84-4ec0-bad8-0f617d95ae34,4aa122f6-9519-430e-967e-ca3b3158a6ed,2,556
9d6cb244-c7e7-450a-ae7b-08bd30076e1b,8f429c5b-e460-4cd7-b5a7-3d0e6cc59c49,3,62
6cb2bfda-27a9-4a24-af26-edec603f6736,b5864714-9e54-4c8f-956d-b66b647175d0,1,305
7bb53a16-64d4-42ea-8c1f-faedfa1d8b1b,5788757f-808d-4012-9f6d-64c12e10028d,2,250
ed05e179-b920-4906-88d4-172bb2aea66f,d7809fcd-e8a1-46a7-a45c-8783eaa4c8ed,5,110
73bd4af4-d6c0-4517-ba05-0eabcfdad7b8,ca6a4da9-1427-4314-9cb1-25dc09224869,4,388
918387f9-3d8d-48d1-b294-fc85f6b8dd44,d1a5e820-3a69-4a7e-b881-81928285a354,1,120
5abd3e30-66a5-47ac-90bd-6099f179aca0,1750ee34-76e9-41c3-8e4a-c4d096529c24,3,69
6f25c41c-bb29-472b-bc74-92d85815a45e,7d0a3da0-6b00-4dfe-9631-64125367fd94,1,36
884759c6-4612-46e7-9566-c8815db499a6,93f2d181-134b-4014-be8c-683a4580e162,3,510
828e764b-4d09-4087-b478-8f1d47d852e0,84c11446-c9df-4e21-a039-625568a6d3b3,3,490
ac7494f6-be90-4541-a67e-abcb351469c6,c36b8c6f-addf-4c62-9109-5e6c47ca6935,2,331
73bd4af4-d6c0-4517-ba05-0eabcfdad7b8,618d2e3b-5cb5-4648-a141-e1e8e6edbab9,1,462
828e764b-4d09-4087-b478-8f1d47d852e0,8a431f9d-132e-4e4a-a70a-6fc30d7a2e1b,2,532
38741e88-818a-46b4-b5fd-ac17b0e2e49e,9633d15c-733d-4904-88fa-4130aeb65278,5,527
6fcbb75b-38f5-422d-ab18-fb7da9bab03f,7815f03a-7e86-4f90-8b9d-75b337067f63,3,513
9be95744-0de2-4034-8414-2194275c1fd9,84c11446-c9df-4e21-a039-625568a6d3b3,1,44
d811f19a-8517-49d7-9be1-735c1fd8e9d6,ef9b4496-7664-41d1-ae71-95ee11fad82f,3,300
123b60a3-8faa-44c4-9f36-9393acdb7c1d,7d0a3da0-6b00-4dfe-9631-64125367fd94,3,140
d08299c1-a05c-4fbd-9dbc-dc34492e20ba,61946155-1e7f-4bdb-8770-4f89d9ab7464,5,472
2b4494b8-107d-4887-9728-9fd7f47a0260,ec666079-6ad9-44f9-bb91-0716fd61b1b7,2,237
84eb3c64-ddb1-4aec-922d-bfa5b8160abf,b90b03db-eaf8-483b-8316-85ed46add42e,4,126
bf25478c-5a04-48fa-a8c3-eafd1a040754,c821a939-5d72-4e90-92eb-0fb6f22e057d,5,89
0d200f4f-e5f0-4d47-a6af-0677ff0c6084,eac15f22-deae-4039-be06-d818823c8948,3,203
9be95744-0de2-4034-8414-2194275c1fd9,7d003536-1747-4970-81d5-7bbc65519889,2,535
baa25428-105a-4223-9d74-685a22d9dedc,618d2e3b-5cb5-4648-a141-e1e8e6edbab9,4,414
77896be2-5d5b-4f94-b5c0-7600354d679d,0f986797-a623-4d29-97f0-3cbed93bc5e1,1,356
10d0de5f-5e55-4372-b4b9-e60d76cdd4a0,00887791-a74e-48a5-b0db-e56e4d23c76e,1,347
23a13809-b505-40cc-aaca-2341559ee0ad,d23f94f0-32cb-4925-acc5-6deeadd3721f,5,174
9be95744-0de2-4034-8414-2194275c1fd9,2d9ca9db-5302-4770-a7ea-da2a00c7c61f,3,167
ce1a6638-dcc4-4403-808b-9e5036a17081,ef1675c0-6991-4e12-bff9-e2a788697b97,1,259
2b4494b8-107d-4887-9728-9fd7f47a0260,779dff57-4305-47e8-bf9d-22da49568713,2,451
10d0de5f-5e55-4372-b4b9-e60d76cdd4a0,779dff57-4305-47e8-bf9d-22da49568713,5,243
b91880fd-1b46-4bd5-8c50-523f835b1991,c821a939-5d72-4e90-92eb-0fb6f22e057d,1,585
6fcbb75b-38f5-422d-ab18-fb7da9bab03f,30440e1b-7b26-4b04-b1d3-51ee1e69720c,5,558
9285f03a-7af5-46ad-b6cc-e8df79e3968a,9624767c-f6d5-413b-8a94-649deb285658,4,180
2b4494b8-107d-4887-9728-9fd7f47a0260,ea105795-fc9c-4154-944b-d9402d2aeafb,2,387
b0e44f66-6258-4544-956b-79dcbbe8758d,d23f94f0-32cb-4925-acc5-6deeadd3721f,4,354
05cd95b8-9734-439e-b157-776488bdc177,dd5842e2-664e-40bf-b9fe-29a22df48f79,5,246
0d200f4f-e5f0-4d47-a6af-0677ff0c6084,1750ee34-76e9-41c3-8e4a-c4d096529c24,2,527
65e4811b-c5bb-4627-97a7-1676a493d7b4,3e81e5ea-eac1-4bd8-acaa-dad95761e9a6,5,459
8da5a665-0389-47c6-8906-ecc932680678,cbb45677-549c-4b85-8c08-38e67f25259d,4,413
9d6cb244-c7e7-450a-ae7b-08bd30076e1b,eac15f22-deae-4039-be06-d818823c8948,5,492
f33b255a-6e84-4ec0-bad8-0f617d95ae34,11097b1d-4a39-4621-a2a5-b28a74dcd3e5,3,415
8da5a665-0389-47c6-8906-ecc932680678,8d24ecc0-e019-4a48-acf8-8c2fc5664cca,4,57
de454cf0-605a-45a2-9cc1-be092d765e13,13a7b74f-369c-49b4-b910-44f808079db4,4,48
d50d8b05-d435-4408-85d8-e7034029feb0,6831e7b9-9a0b-482f-9203-03dbd05dea7b,2,118
3ccf9618-ad18-4724-bc05-853ab69bb30d,f4ccbaee-bb23-4181-a108-9e4ff47ff4be,1,92
7f10f87f-3e13-428a-9c8a-7ca5710842df,a3fac269-98cb-4abc-a5dc-2daa77add77c,5,132
6f25c41c-bb29-472b-bc74-92d85815a45e,8a431f9d-132e-4e4a-a70a-6fc30d7a2e1b,1,137
30f1f8e8-0622-4861-9ed8-86a5bf56a349,618d2e3b-5cb5-4648-a141-e1e8e6edbab9,1,340
75168ca6-a25e-40db-b079-dccb87c5aeb8,7b8649a4-c19f-418a-8e73-6afa9aef1758,1,338
d08299c1-a05c-4fbd-9dbc-dc34492e20ba,987a3414-28be-4792-b3cd-4b5921d9ba9d,5,130
e248c365-7359-4641-b86e-df04a0de39a5,bc924dbf-c7f0-4832-b088-19d1e1f76023,2,476
95474306-7d37-408b-ae0e-0623456251c7,618d2e3b-5cb5-4648-a141-e1e8e6edbab9,3,199
6f25c41c-bb29-472b-bc74-92d85815a45e,f1ab61cf-4840-4c56-bf48-47d6fd7db779,2,528
18a0dfa9-bd21-45f9-8fa9-15eb73486559,a50984fa-cdec-4243-95c5-2e4e4119bf46,5,36
2c251206-0632-4c07-b2a6-0531d0c610b0,eac15f22-deae-4039-be06-d818823c8948,4,447
123b60a3-8faa-44c4-9f36-9393acdb7c1d,11f1d592-0627-48c9-8bf7-587b1b6ab534,1,186
493ff387-5a78-436a-bf59-69ab65bb923a,c446b08c-c85d-4187-b203-e9b817c8fde6,1,226
d08299c1-a05c-4fbd-9dbc-dc34492e20ba,09352cf7-d77b-47af-b09a-25319d9706b1,1,114
24c9381d-18b9-4089-8b47-33863586011c,b9e5dce8-f88c-4b5a-ae0c-23bef0503bb0,5,535
85e1ac6b-d470-43ef-b596-86291f09aea1,98930b6f-fe34-4fa0-a20e-9bdefd8a2343,2,597
fa79a690-a24b-4882-8da6-fbcb90f06dc6,b9e5dce8-f88c-4b5a-ae0c-23bef0503bb0,4,165
de454cf0-605a-45a2-9cc1-be092d765e13,c36b8c6f-addf-4c62-9109-5e6c47ca6935,4,367
57168cee-6fb6-4fd4-ac5b-3bd1fb9431f3,89b924f3-ede0-49db-8132-6cac83c65462,2,193
85e1ac6b-d470-43ef-b596-86291f09aea1,2768389f-070c-410e-9fb0-5229a4b4e3af,3,548
11b6c776-e79a-48c5-962c-8ae387d72f41,7d0a3da0-6b00-4dfe-9631-64125367fd94,2,258
57168cee-6fb6-4fd4-ac5b-3bd1fb9431f3,313d56f5-14b4-4a21-af08-9f92cee641c1,2,49
ce1a6638-dcc4-4403-808b-9e5036a17081,2712c9b2-b794-41c0-ac96-8be040a95886,2,363
9285f03a-7af5-46ad-b6cc-e8df79e3968a,b04a6fb0-26b2-470d-bd09-cfe8bbf5999c,4,539
8da5a665-0389-47c6-8906-ecc932680678,ebfb9880-2fcb-40ec-a1f8-c9d681788d81,4,133
81d37bf0-6a12-4e24-b228-34d8090fa4d2,4aa122f6-9519-430e-967e-ca3b3158a6ed,3,299
de454cf0-605a-45a2-9cc1-be092d765e13,ef9b4496-7664-41d1-ae71-95ee11fad82f,2,505
9d6cb244-c7e7-450a-ae7b-08bd30076e1b,313d56f5-14b4-4a21-af08-9f92cee641c1,2,153
70b9b2ba-bfb1-4b58-9dad-4fa718ad5428,de0bb83b-241f-4a72-b960-947016da4d65,1,247
2dc87562-c68b-4284-8055-0a0fad054fb0,55c85ed5-ddd6-4152-aa96-0a643d0a0eea,2,194
6fcbb75b-38f5-422d-ab18-fb7da9bab03f,a36ae12c-d4b9-4d32-ab4d-0fa65d56ebe8,1,184
be7390cd-09b0-435a-b4ac-f92dfd0d9e21,d69a893b-c20b-4ed0-a1b1-37520e198d1f,3,226
30f1f8e8-0622-4861-9ed8-86a5bf56a349,3870480f-81fc-4bea-89f6-859f6aa0ca05,1,555
85e1ac6b-d470-43ef-b596-86291f09aea1,cbb45677-549c-4b85-8c08-38e67f25259d,4,553
6fcbb75b-38f5-422d-ab18-fb7da9bab03f,1625c1cd-411f-4c2f-b3ba-abc853425e76,4,497
be7390cd-09b0-435a-b4ac-f92dfd0d9e21,ff9bcfb6-b616-46de-a34d-18596eb1745d,2,249
9be95744-0de2-4034-8414-2194275c1fd9,a36ae12c-d4b9-4d32-ab4d-0fa65d56ebe8,3,384
884759c6-4612-46e7-9566-c8815db499a6,7815f03a-7e86-4f90-8b9d-75b337067f63,4,106
de454cf0-605a-45a2-9cc1-be092d765e13,81be85ec-3cbd-44dc-8638-0cb6a3a1cf8a,3,269
95474306-7d37-408b-ae0e-0623456251c7,ec2181af-f065-485c-b988-74eeac3a8fda,5,373
70b9b2ba-bfb1-4b58-9dad-4fa718ad5428,1ea3ecf2-9402-4712-b3a4-cb6c7daf712f,4,278
2b4494b8-107d-4887-9728-9fd7f47a0260,61946155-1e7f-4bdb-8770-4f89d9ab7464,4,66
8c2ec1da-df1b-4b3e-bcf5-fdc2e30808bf,cc2d910f-8039-4268-bbfe-f86b897cbbae,2,207
9f6a0057-8092-429e-a985-f72937907f47,7aff9b4f-a0fc-4678-badb-e6803ec827a8,4,440
b0e44f66-6258-4544-956b-79dcbbe8758d,ec2181af-f065-485c-b988-74eeac3a8fda,1,287
ed05e179-b920-4906-88d4-172bb2aea66f,f906b49d-89d7-40b1-a0c8-27316eaef413,4,477
d42cf5d7-7330-475f-93af-9620bc4ecb52,616905dd-c884-4c99-abfe-32f51cdd3f19,4,132
72b330f8-2bc6-4144-bc67-ad67399dcc9d,6c35724c-6f79-4ad3-b89a-8b5c027754c6,4,68
f366bd53-27af-4409-b979-023fcba1ea1f,38d39531-54dc-4885-9dfe-1a653364b79f,3,252
dce77877-fa02-45e1-9670-2135ba9d0ec0,c1a3a619-907d-4437-9e94-a46e358b2d2a,1,480
918387f9-3d8d-48d1-b294-fc85f6b8dd44,1ea3ecf2-9402-4712-b3a4-cb6c7daf712f,2,442
2dc87562-c68b-4284-8055-0a0fad054fb0,82c5fe34-8c67-4fd0-97de-1ababe487cf3,3,513
74fbd27a-0b94-46ba-92a9-58a13811908d,f891cf1c-29e8-4393-8fce-ef18bd74697e,4,89
828e764b-4d09-4087-b478-8f1d47d852e0,71f98c2b-af44-4c81-be33-9bbcfb11f129,3,364
6c707bb8-f1a4-4aa2-b853-ee88a0c95f30,bfdce01a-cd7c-4a80-9564-a46808612e46,1,113
621a1afb-fe82-460b-834a-fa44eea87b18,3749d53f-1337-4d80-9ba5-52aec08c8ca1,3,59
3ea817f3-2c27-4d96-8686-538f471fcae1,5a4f7e86-ac1e-452f-b95e-8341f995aeae,3,255
13a5710e-3fa2-41ef-88dd-eca19e22aa13,60fdf9c9-ba30-418a-9697-51729a89db48,5,505
3ea817f3-2c27-4d96-8686-538f471fcae1,3e81e5ea-eac1-4bd8-acaa-dad95761e9a6,2,493
d42cf5d7-7330-475f-93af-9620bc4ecb52,2ac99b00-7c9e-42fb-8b93-b1789e609af3,4,83
621a1afb-fe82-460b-834a-fa44eea87b18,e91c7b35-ea90-45da-af1d-f176b00be80d,1,439
dce77877-fa02-45e1-9670-2135ba9d0ec0,70d7d8a4-2b44-494c-9a48-327498b8d063,2,446
10d0de5f-5e55-4372-b4b9-e60d76cdd4a0,ff9bcfb6-b616-46de-a34d-18596eb1745d,4,244
3ea817f3-2c27-4d96-8686-538f471fcae1,30440e1b-7b26-4b04-b1d3-51ee1e69720c,2,282
11b6c776-e79a-48c5-962c-8ae387d72f41,30440e1b-7b26-4b04-b1d3-51ee1e69720c,5,182
77896be2-5d5b-4f94-b5c0-7600354d679d,d23f94f0-32cb-4925-acc5-6deeadd3721f,3,510
849177e2-7665-4515-8c56-f6baf0bbb1f3,4fcb5336-3b62-478e-ac87-94b69f2622bf,3,177
24c9381d-18b9-4089-8b47-33863586011c,66e7c434-776c-4409-abe9-0fcb52a81097,1,495
486ed294-7ca6-429e-8ba7-c53e675e5f37,ff9bcfb6-b616-46de-a34d-18596eb1745d,5,392
74fbd27a-0b94-46ba-92a9-58a13811908d,ea341a6e-f728-4d8c-b7ba-e65a6f15e708,1,355
8d410afe-bcac-412d-876a-164e8e3ee647,4d2e4a20-19ce-459b-8776-575ee447495b,2,439
486ed294-7ca6-429e-8ba7-c53e675e5f37,98930b6f-fe34-4fa0-a20e-9bdefd8a2343,4,159
13a5710e-3fa2-41ef-88dd-eca19e22aa13,b1c3456f-4b97-4156-8fa2-4bebd363bc75,4,484
75168ca6-a25e-40db-b079-dccb87c5aeb8,83f495f9-ffec-41bf-b171-c5d2bead2be5,1,86
b0e44f66-6258-4544-956b-79dcbbe8758d,7815f03a-7e86-4f90-8b9d-75b337067f63,4,128
d811f19a-8517-49d7-9be1-735c1fd8e9d6,00887791-a74e-48a5-b0db-e56e4d23c76e,2,522
1186b2d2-8462-4171-afce-38355c462c6d,31c24c7f-b22d-42f6-9fe6-84d33b61e79f,5,447
2b4494b8-107d-4887-9728-9fd7f47a0260,67b96891-1b96-40c9-957c-01ebe4ce24b4,3,127
918387f9-3d8d-48d1-b294-fc85f6b8dd44,b354e7f4-bfe1-4c42-900b-88a7bd247796,1,429
be7390cd-09b0-435a-b4ac-f92dfd0d9e21,bc924dbf-c7f0-4832-b088-19d1e1f76023,5,508
30f1f8e8-0622-4861-9ed8-86a5bf56a349,55c85ed5-ddd6-4152-aa96-0a643d0a0eea,5,200
5abd3e30-66a5-47ac-90bd-6099f179aca0,11097b1d-4a39-4621-a2a5-b28a74dcd3e5,3,330
66b5ade9-bf58-4cb9-aa13-084655452ae1,de0bb83b-241f-4a72-b960-947016da4d65,5,44
c616d20b-9459-4dd3-a7ca-4291ef8caac0,43b58cdb-00a9-4076-9308-b329f980a0af,3,290
828e764b-4d09-4087-b478-8f1d47d852e0,96f3f4a2-bc10-492a-9dee-e95e5d936484,3,255
9285f03a-7af5-46ad-b6cc-e8df79e3968a,61946155-1e7f-4bdb-8770-4f89d9ab7464,2,432
1186b2d2-8462-4171-afce-38355c462c6d,313d56f5-14b4-4a21-af08-9f92cee641c1,1,196
35b1055c-3ab3-4e17-9652-a4a9fdc281e0,2712c9b2-b794-41c0-ac96-8be040a95886,2,70
8c2ec1da-df1b-4b3e-bcf5-fdc2e30808bf,bf3db485-8add-4bc6-a262-9a1a88cbf85d,1,192
b0e44f66-6258-4544-956b-79dcbbe8758d,30440e1b-7b26-4b04-b1d3-51ee1e69720c,2,129
8c2ec1da-df1b-4b3e-bcf5-fdc2e30808bf,ca6a4da9-1427-4314-9cb1-25dc09224869,4,150
dce77877-fa02-45e1-9670-2135ba9d0ec0,9c78e3ec-c99c-4d0e-80aa-410942b6ebc8,3,231
8d410afe-bcac-412d-876a-164e8e3ee647,c3c321b9-daa4-4392-934f-f9b8371fd944,4,440
72b330f8-2bc6-4144-bc67-ad67399dcc9d,9a86e4c6-2014-4da2-aa8b-192a55152438,3,488
9285f03a-7af5-46ad-b6cc-e8df79e3968a,de0bb83b-241f-4a72-b960-947016da4d65,1,140
73bd4af4-d6c0-4517-ba05-0eabcfdad7b8,5e219183-5970-417b-85fd-fbbb8b0a6bc3,5,393
68eca4b3-752f-4d3f-b7c8-b74ed51dbf8a,bf44bc19-c638-4a7f-9d87-3f26027a3abc,2,222
bc8dea01-6558-4405-86ee-bf7bb5cdb0e1,ab1c81f2-01c5-47b5-84aa-77f2a46d3f48,3,415
84eb3c64-ddb1-4aec-922d-bfa5b8160abf,381f70b1-4a7b-4a90-962f-c656021fac2a,1,531
ed05e179-b920-4906-88d4-172bb2aea66f,09352cf7-d77b-47af-b09a-25319d9706b1,3,84
5abd3e30-66a5-47ac-90bd-6099f179aca0,5788757f-808d-4012-9f6d-64c12e10028d,1,204
70b9b2ba-bfb1-4b58-9dad-4fa718ad5428,9a86e4c6-2014-4da2-aa8b-192a55152438,4,35
18a0dfa9-bd21-45f9-8fa9-15eb73486559,9ec8d155-ef04-45e8-97b0-0fb8df570e88,3,513
35b1055c-3ab3-4e17-9652-a4a9fdc281e0,59b24782-d99d-44bd-88fa-f8d7138e8b8c,1,165
72b330f8-2bc6-4144-bc67-ad67399dcc9d,99dee4e4-3272-4a76-9703-ba117d9e2ba5,2,45
dce77877-fa02-45e1-9670-2135ba9d0ec0,3870480f-81fc-4bea-89f6-859f6aa0ca05,1,290
b657d908-5124-4ca6-9728-fea44fda554a,5788757f-808d-4012-9f6d-64c12e10028d,1,303
f854769b-0c37-4a28-9d2c-8ef7e186d37b,43b58cdb-00a9-4076-9308-b329f980a0af,4,571
2dc87562-c68b-4284-8055-0a0fad054fb0,c36b8c6f-addf-4c62-9109-5e6c47ca6935,5,226
f33b255a-6e84-4ec0-bad8-0f617d95ae34,fd4f677b-340d-4c18-8d60-c72b0f8bc79d,5,581
10d0de5f-5e55-4372-b4b9-e60d76cdd4a0,99dee4e4-3272-4a76-9703-ba117d9e2ba5,2,260
9285f03a-7af5-46ad-b6cc-e8df79e3968a,8dd5192a-de62-42e2-a142-29015f985fe0,2,373
b8c7dc90-7e84-4eae-94f7-f7636dabcbed,bd3a14cf-03ad-4d00-8fc0-14e93f9ea3fe,3,398
fba54b27-d125-489e-9763-7e6d0d6b2b0f,ebfb9880-2fcb-40ec-a1f8-c9d681788d81,5,502
52115195-606e-4881-8b12-4e95399bcfa0,cc2d910f-8039-4268-bbfe-f86b897cbbae,1,95
75168ca6-a25e-40db-b079-dccb87c5aeb8,b5864714-9e54-4c8f-956d-b66b647175d0,1,274
ca2d7380-c541-4f13-beea-7a5343339992,af0a4122-a2c8-49ce-ba3c-8fc2b8c01e33,5,389
81d37bf0-6a12-4e24-b228-34d8090fa4d2,2768389f-070c-410e-9fb0-5229a4b4e3af,3,588
e19c9704-ade0-4c6e-8821-b350fccbb1b3,24bac3a0-7545-4c11-9a61-0b59ef96aaa3,1,322
8da5a665-0389-47c6-8906-ecc932680678,82d2674c-b27c-46cd-97e0-d6b5933d466d,2,534
b0e44f66-6258-4544-956b-79dcbbe8758d,e16e9811-89dd-4cde-9037-38b442af8350,3,296
ce1a6638-dcc4-4403-808b-9e5036a17081,c3c321b9-daa4-4392-934f-f9b8371fd944,5,493
9285f03a-7af5-46ad-b6cc-e8df79e3968a,9c78e3ec-c99c-4d0e-80aa-410942b6ebc8,2,373
74fbd27a-0b94-46ba-92a9-58a13811908d,e7d15ecf-f592-46c3-bdcb-80773b435dc5,3,396
335b792a-e0d9-457d-a915-b0d43e67e829,07394da5-8e46-45fb-8e84-7e686e0fbb9f,1,298
24c9381d-18b9-4089-8b47-33863586011c,f891cf1c-29e8-4393-8fce-ef18bd74697e,2,194
486ed294-7ca6-429e-8ba7-c53e675e5f37,5e99d644-fc21-4b41-a1cc-390107a40bc0,2,165
849177e2-7665-4515-8c56-f6baf0bbb1f3,936246e4-a67d-4f49-b528-e78876acc590,3,258
3282a584-6b5e-4bb0-a085-13a5c87d6479,ec2181af-f065-485c-b988-74eeac3a8fda,5,205
57168cee-6fb6-4fd4-ac5b-3bd1fb9431f3,95b08102-d4cf-46bd-bd45-f0f4195b7fee,1,43
75226ff7-7cf5-484c-8428-9e6540f12326,bd3a14cf-03ad-4d00-8fc0-14e93f9ea3fe,2,463
30f1f8e8-0622-4861-9ed8-86a5bf56a349,f6884495-9ef8-4db8-888e-690c83faaedd,3,70
64683b69-20b3-4709-a97b-229f710b8e7d,8a431f9d-132e-4e4a-a70a-6fc30d7a2e1b,1,97
a111e135-57b4-45c8-897d-ba73d412bcc6,eead9f87-c534-49f0-ac0f-08d08a8ffd9c,1,316
c910cbdf-173c-408a-aa4c-ce3f316fbee9,5e99d644-fc21-4b41-a1cc-390107a40bc0,4,49
85e1ac6b-d470-43ef-b596-86291f09aea1,0f986797-a623-4d29-97f0-3cbed93bc5e1,5,260
fa79a690-a24b-4882-8da6-fbcb90f06dc6,a8031a29-64f4-4941-aa5c-d5dfb3b29145,4,510
b8c7dc90-7e84-4eae-94f7-f7636dabcbed,bbdac30d-e0c8-47ab-ae4b-b56b6b65d764,2,213
7f10f87f-3e13-428a-9c8a-7ca5710842df,0a263e70-61b9-4a11-8483-f2b572b39f06,3,225
bf25478c-5a04-48fa-a8c3-eafd1a040754,ec2181af-f065-485c-b988-74eeac3a8fda,1,572
c616d20b-9459-4dd3-a7ca-4291ef8caac0,8dd5192a-de62-42e2-a142-29015f985fe0,5,124
6cb2bfda-27a9-4a24-af26-edec603f6736,1625c1cd-411f-4c2f-b3ba-abc853425e76,1,295
486ed294-7ca6-429e-8ba7-c53e675e5f37,d23f94f0-32cb-4925-acc5-6deeadd3721f,4,357
73bd4af4-d6c0-4517-ba05-0eabcfdad7b8,618d2e3b-5cb5-4648-a141-e1e8e6edbab9,4,550
05cd95b8-9734-439e-b157-776488bdc177,38d39531-54dc-4885-9dfe-1a653364b79f,3,308
05cd95b8-9734-439e-b157-776488bdc177,618d2e3b-5cb5-4648-a141-e1e8e6edbab9,2,51
ed62d362-371a-410a-9d87-3aaf99aa159d,eac15f22-deae-4039-be06-d818823c8948,5,62
ed05e179-b920-4906-88d4-172bb2aea66f,ecda753c-c2bb-4c5f-a6a2-754dfea1d983,5,32
884759c6-4612-46e7-9566-c8815db499a6,1750ee34-76e9-41c3-8e4a-c4d096529c24,4,106
95474306-7d37-408b-ae0e-0623456251c7,a779aad0-6b89-459a-9497-dc197463d166,4,473
77896be2-5d5b-4f94-b5c0-7600354d679d,f891cf1c-29e8-4393-8fce-ef18bd74697e,1,454
64683b69-20b3-4709-a97b-229f710b8e7d,00887791-a74e-48a5-b0db-e56e4d23c76e,1,548
dce77877-fa02-45e1-9670-2135ba9d0ec0,b9e5dce8-f88c-4b5a-ae0c-23bef0503bb0,1,230
68eca4b3-752f-4d3f-b7c8-b74ed51dbf8a,e4a4dc41-8fa2-4946-a9e2-11497023f65a,5,383
a79f4706-71c3-404b-9b16-aa72bc07ab06,1400514e-0908-47cb-80e2-db649d054a6c,2,144
6c707bb8-f1a4-4aa2-b853-ee88a0c95f30,f4ccbaee-bb23-4181-a108-9e4ff47ff4be,5,297
ce1a6638-dcc4-4403-808b-9e5036a17081,eaab32ca-37dc-4254-87ee-7eacda392e8d,5,518
133f6c85-a757-4ef0-becf-45fb61d2704b,ea105795-fc9c-4154-944b-d9402d2aeafb,2,574
2dc87562-c68b-4284-8055-0a0fad054fb0,82c5fe34-8c67-4fd0-97de-1ababe487cf3,2,364
f366bd53-27af-4409-b979-023fcba1ea1f,6c629676-d866-4d01-9f51-a918731f7731,5,88
1a687a50-1efd-4517-9968-14c7602e8140,0f986797-a623-4d29-97f0-3cbed93bc5e1,2,446
d42cf5d7-7330-475f-93af-9620bc4ecb52,da9c2a61-eb47-4ef3-8c3f-81678a6b1b6f,3,69
70b9b2ba-bfb1-4b58-9dad-4fa718ad5428,982de3fa-cecf-4bb2-b0b1-a68d5871ce41,4,92
de454cf0-605a-45a2-9cc1-be092d765e13,09352cf7-d77b-47af-b09a-25319d9706b1,5,551
30f1f8e8-0622-4861-9ed8-86a5bf56a349,4aa122f6-9519-430e-967e-ca3b3158a6ed,1,369
6c707bb8-f1a4-4aa2-b853-ee88a0c95f30,43b58cdb-00a9-4076-9308-b329f980a0af,1,430
f0c54e5a-f508-4491-982b-bb16d10da00f,26ed31b1-f19f-4363-9f7d-3a2b0bf9ac7d,2,238
c8350849-eb45-46cd-ad4f-6751704c8518,d69a893b-c20b-4ed0-a1b1-37520e198d1f,3,132
11b6c776-e79a-48c5-962c-8ae387d72f41,2768389f-070c-410e-9fb0-5229a4b4e3af,5,189
74fbd27a-0b94-46ba-92a9-58a13811908d,11097b1d-4a39-4621-a2a5-b28a74dcd3e5,3,400
de454cf0-605a-45a2-9cc1-be092d765e13,b1c3456f-4b97-4156-8fa2-4bebd363bc75,2,102
7bb53a16-64d4-42ea-8c1f-faedfa1d8b1b,b5313d17-29b6-4fb5-8164-ff79b5cf9627,5,167
884759c6-4612-46e7-9566-c8815db499a6,1400514e-0908-47cb-80e2-db649d054a6c,2,186
13a5710e-3fa2-41ef-88dd-eca19e22aa13,4d2e4a20-19ce-459b-8776-575ee447495b,5,210
1a687a50-1efd-4517-9968-14c7602e8140,066ebe91-9023-4931-bc69-5cbdf1dc5427,3,555
d42cf5d7-7330-475f-93af-9620bc4ecb52,bbd96150-8fb0-46b1-aaad-076e9095c16a,1,296
e19c9704-ade0-4c6e-8821-b350fccbb1b3,82c5fe34-8c67-4fd0-97de-1ababe487cf3,3,118
d811f19a-8517-49d7-9be1-735c1fd8e9d6,ea067ca9-2e37-4fda-81af-bc7ffb721bc9,5,96
23a13809-b505-40cc-aaca-2341559ee0ad,560291bf-8032-4386-91c5-2e6798ac8db4,1,186
493ff387-5a78-436a-bf59-69ab65bb923a,9be53b70-f332-455d-a7fe-3c9e3e10043c,3,368
11b6c776-e79a-48c5-962c-8ae387d72f41,89307504-260f-4955-95ca-3630fa61f5ee,5,324
3ea817f3-2c27-4d96-8686-538f471fcae1,e16e9811-89dd-4cde-9037-38b442af8350,5,51
81d37bf0-6a12-4e24-b228-34d8090fa4d2,93f2d181-134b-4014-be8c-683a4580e162,4,519
f366bd53-27af-4409-b979-023fcba1ea1f,cbb45677-549c-4b85-8c08-38e67f25259d,4,159
65e4811b-c5bb-4627-97a7-1676a493d7b4,0a263e70-61b9-4a11-8483-f2b572b39f06,4,452
6cb2bfda-27a9-4a24-af26-edec603f6736,d7809fcd-e8a1-46a7-a45c-8783eaa4c8ed,5,453
05cd95b8-9734-439e-b157-776488bdc177,60fdf9c9-ba30-418a-9697-51729a89db48,2,488
9f6a0057-8092-429e-a985-f72937907f47,618d2e3b-5cb5-4648-a141-e1e8e6edbab9,3,177
f366bd53-27af-4409-b979-023fcba1ea1f,8f429c5b-e460-4cd7-b5a7-3d0e6cc59c49,4,108
6cb2bfda-27a9-4a24-af26-edec603f6736,1750ee34-76e9-41c3-8e4a-c4d096529c24,2,458
f366bd53-27af-4409-b979-023fcba1ea1f,2ac99b00-7c9e-42fb-8b93-b1789e609af3,4,600
6cb2bfda-27a9-4a24-af26-edec603f6736,bfacf641-91ad-4222-bb26-b3d66abfe5da,4,32
24c9381d-18b9-4089-8b47-33863586011c,f6884495-9ef8-4db8-888e-690c83faaedd,2,502
6f25c41c-bb29-472b-bc74-92d85815a45e,9a86e4c6-2014-4da2-aa8b-192a55152438,4,217
75168ca6-a25e-40db-b079-dccb87c5aeb8,fd4f677b-340d-4c18-8d60-c72b0f8bc79d,2,272
6c707bb8-f1a4-4aa2-b853-ee88a0c95f30,7aff9b4f-a0fc-4678-badb-e6803ec827a8,2,389
05cd95b8-9734-439e-b157-776488bdc177,eac15f22-deae-4039-be06-d818823c8948,4,130
92ba5a86-077c-4ddd-90f0-1ee5de735fb9,e16e9811-89dd-4cde-9037-38b442af8350,5,461
3ccf9618-ad18-4724-bc05-853ab69bb30d,150417a6-28c7-4ad1-8657-dcd37c2a847a,1,498
828e764b-4d09-4087-b478-8f1d47d852e0,84c11446-c9df-4e21-a039-625568a6d3b3,1,357
8da5a665-0389-47c6-8906-ecc932680678,98930b6f-fe34-4fa0-a20e-9bdefd8a2343,1,554
af6ed03c-7a2c-4955-8893-252f47e3ebf6,61946155-1e7f-4bdb-8770-4f89d9ab7464,1,361
3ccf9618-ad18-4724-bc05-853ab69bb30d,71f98c2b-af44-4c81-be33-9bbcfb11f129,2,135
fa79a690-a24b-4882-8da6-fbcb90f06dc6,381f70b1-4a7b-4a90-962f-c656021fac2a,1,187
dce77877-fa02-45e1-9670-2135ba9d0ec0,4ef1d248-4810-40d5-869e-d3e42527713f,4,224
ed05e179-b920-4906-88d4-172bb2aea66f,8d24ecc0-e019-4a48-acf8-8c2fc5664cca,5,180
f33b255a-6e84-4ec0-bad8-0f617d95ae34,d1a5e820-3a69-4a7e-b881-81928285a354,4,80
84eb3c64-ddb1-4aec-922d-bfa5b8160abf,082b1e87-a452-4d11-8f0a-33711422be29,1,415
9d6cb244-c7e7-450a-ae7b-08bd30076e1b,4e8f873c-7927-4847-b900-424d2d0d5de6,4,174
